file_name,training_time(s),test_result_loss,test_result_acc,train_result_acc,train_result_loss,nb_layers,type_archi
archi_v3_1,30.935063123703003,0.8593100613594055,0.6912,0.6850167,0.8811556941986084,6,RESNET
archi_v3_2,66.11179089546204,0.390785400223732,0.8835,0.8833,0.39607723099986714,6,DENSENET
archi_v3_3,51.19846200942993,0.17987877007573844,0.9476,0.94308335,0.1928127810080846,15,ALL
archi_v3_4,88.13234829902649,0.15420828720331192,0.9522,0.9509,0.1615810289705793,11,ALL
archi_v3_5,243.07460117340088,1.7244187915802003,0.3236,0.31871668,1.7227494094848632,30,ALL
archi_v3_6,0,,,,,not build,LENET
archi_v3_1,0,,,,,not build,RESNET
archi_v3_1,0,,,,,not build,RESNET
